StreetName,Zipcode
10th Avenue   ,29403
10th Street   ,29406
11th Avenue   ,29403
12th Avenue   ,29403
13th Street   ,29406
14th Street   ,29406
1st Drive   ,29407
1st Street   ,29406
2nd Drive   ,29407
3rd Avenue   ,29403
4th Street   ,29406
4th Street   ,29401
5th Avenue   ,29403
5th Avenue   ,29407
6th Avenue   ,29403
6th Street   ,29406
8th Avenue   ,29403
8th Street   ,29406
9th Avenue   ,29403
9th Street   ,29406
Aamco Way   ,29406
Able Street   ,29407
Acacia Street   ,29407
Achurch Avenue   ,29403
Ackerman Court   ,29403
Adaline Street   ,29406
Addison Street   ,29403
Addlestone Avenue   ,29403
Addykay Place   ,29406
Adele Street   ,29407
Affirmation Boulevard   ,29412
Afton Avenue   ,29407
Agatha Street   ,29407
Aichele Drive   ,29406
Aiken Street   ,29403
Air Park Road   ,29406
Akers Street   ,29407
Alabama Drive   ,29403
Albacore Avenue   ,29406
Albemarle Avenue   ,29406
Albemarle Road   ,29407
Alberta Avenue   ,29403
Alcoa Lane   ,29407
Alden Drive   ,29407
Aldrich Avenue   ,29406
Alexander Street   ,29401
Alexander Street   ,29403
Alexis Court   ,29406
Alfonzo Circle   ,29406
Alice Drive   ,29407
Alice Drive   ,29414
All Seymour Lane   ,29412
Allatoona Court   ,29406
Alleghany Street   ,29407
Allen Brown Lane   ,29412
Allgood Road   ,29407
Allison Avenue   ,29406
Allison Court   ,29407
Allison Cove Drive   ,29412
Allway Street   ,29403
Alma Street   ,29407
Alpheretta Court   ,29414
Alpine Drive   ,29406
Alric Court   ,29412
Alston Avenue   ,29406
Altec Road   ,29406
Althea Avenue   ,29406
Altman Street   ,29407
Alton Street   ,29406
Amanda Drive   ,29412
Amanda Park Lane   ,29412
Ambassador Lane   ,29414
Amber Lane   ,29407
Amberhill Way   ,29414
Amberly Road   ,29407
Amboy Avenue   ,29406
Ambrose Alley   ,29401
Amelia Avenue   ,29403
America Street   ,29403
Amherst Street   ,29403
Ammersee Court   ,29414
Amos Court   ,29412
Amy Elsey Drive   ,29407
Anchor Road   ,29412
Ancrum Hill Road   ,29407
Anderson Avenue   ,29412
Andrea Court   ,29406
Andrea Lane   ,29406
Angelfish Court   ,29412
Anita Drive   ,29407
Ann Street   ,29403
Annette Street   ,29406
Anson Street   ,29401
Antler Drive   ,29406
Apex Lane   ,29412
Apollo Road   ,29407
Applebee Way   ,29414
April Avenue   ,29406
April Pine Circle   ,29406
Aquaduct Street   ,29414
Arabian Drive   ,29407
Arbor Road   ,29406
Arbor Trce   ,29414
Arborwood Drive   ,29412
Arcadian Park   ,29407
Arcadian Way   ,29407
Archdale Street   ,29401
Argonne Street   ,29407
Arlington Drive   ,29414
Armistice Pt   ,29412
Armstrong Avenue   ,29407
Arrow Wind Terrace   ,29414
Arsburn Road   ,29412
Arthur Drive   ,29412
Arthur Gaillard Lane   ,29414
Aruba Circle   ,29412
Asbury Place   ,29407
Ascot Alley   ,29401
Ashdale Drive   ,29407
Ashe Street   ,29403
Asheford Place Drive   ,29414
Ashland Drive   ,29407
Ashley Avenue   ,29401
Ashley Avenue   ,29403
Ashley Boulevard   ,29401
Ashley Crossing Drive   ,29414
Ashley Crossing Lane   ,29414
Ashley Ferry Road   ,29414
Ashley Gardens Boulevard   ,29414
Ashley Hall Plantation Road   ,29407
Ashley Hall Road   ,29407
Ashley Phosphate Road   ,29406
Ashley Point Drive   ,29407
Ashley River Road   ,29407
Ashley River Road   ,29414
Ashley Town Center Drive   ,29414
Ashley Villa Circle   ,29414
Ashmead Place   ,29403
Ashton Street   ,29403
Ashworth Lane   ,29412
Assembly Drive   ,29414
Assembly Street   ,29406
Aston Place   ,29401
Athens Court   ,29403
Atlantic Street   ,29401
Attaway Street   ,29406
Aubrey Drive   ,29412
Auburn Drive   ,29406
Audubon Avenue   ,29407
Audubon Avenue   ,29406
Audubon Drive   ,29406
Autumn Lane   ,29407
Avenue A   ,29412
Avenue A   ,29406
Avenue B   ,29412
Avenue E   ,29406
Aviation Avenue   ,29406
Avon Court   ,29407
Avondale Avenue   ,29407
Ayers Drive   ,29412
Aylsford Court   ,29412
Azaline Drive   ,29406
Babbitt Street   ,29414
Back Creek Road   ,29412
Backwater Court   ,29412
Bainbridge Drive   ,29407
Bairds Cove   ,29414
Baker Drive   ,29406
Baker Street   ,29406
Baldwin Road   ,29406
Balfoure Drive   ,29407
Ballston Court   ,29406
Balsam Street   ,29407
Bamboo Drive   ,29407
Banbury Court   ,29414
Banbury Road   ,29414
Bankton Circle   ,29406
Banner Drive   ,29414
Banner Road   ,29414
Bantry Circle   ,29414
Barbados Way   ,29412
Barbour Drive   ,29414
Barcreek Road   ,29412
Barre Street   ,29401
Barrett Road   ,29407
Barrington Lane   ,29414
Basin Road   ,29406
Bass Lane   ,29412
Bassett Court   ,29412
Battalion Drive   ,29412
Batten Drive   ,29414
Battery Avenue   ,29407
Battery Brown Court   ,29412
Battery Glover Court   ,29412
Battery Haig Court   ,29412
Battery Island Drive   ,29412
Battery Kirby Court   ,29412
Battery Place   ,29401
Battery Reynolds Court   ,29412
Battery Stevens Court   ,29412
Battery Wagner Road   ,29412
Battery Weed Court   ,29412
Battle Ground Road   ,29412
Battlesea Road   ,29407
Battlewood Avenue   ,29407
Bay Creek Drive   ,29414
Bayhill Drive   ,29414
Bear Avenue   ,29407
Beardsley Road   ,29407
Beasley's Lane   ,29412
Beaufain Street   ,29401
Beauregard Street   ,29412
Becky Road   ,29414
Bedford Drive   ,29407
Bedons Alley   ,29401
Bee Street   ,29401
Bee Street   ,29403
Beechcraft Street   ,29407
Beechnut Street   ,29414
Beechwood Road   ,29414
Bees Ferry Road   ,29414
Belfast Road   ,29407
Belgrade Avenue   ,29407
Belgrade Court   ,29407
Bellwood Road   ,29412
Belmont Court   ,29406
Belvedere Clearwater Road   ,29401
Belvedere Court   ,29406
Belvedere Drive   ,29406
Belvue Road   ,29407
Ben Graham Road   ,29412
Ben Road   ,29412
Benada Street   ,29407
Bender Street   ,29407
Bengal Road   ,29406
Bennett Street   ,29401
Benson Street   ,29403
Bent Hickory Road   ,29414
Bent Twig Lane   ,29407
Benton Bend   ,29412
Benton Bend Road   ,29412
Bentwood Drive   ,29406
Berkeley Road   ,29407
Berkeley Street   ,29406
Bermuda Street   ,29412
Berwick Circle   ,29407
Bessinger Lane   ,29406
Betsy Road   ,29407
Beverly Drive   ,29406
Beverly Road   ,29407
Bevis Road   ,29414
Bidwell Circle   ,29414
Bienville Road   ,29406
Bike Path   ,29407
Billfish Court   ,29412
Bills Court   ,29407
Biltmore Drive   ,29412
Birchdale Drive   ,29412
Birchwood Street   ,29407
Birkdale Court   ,29414
Birkenhead Road   ,29414
Birmingham Court   ,29407
Birthright Street   ,29407
Bishop Drive   ,29414
Bishop Gadsden Way   ,29412
Bishop Road   ,29406
Black Watch Court   ,29414
Blackburn Circle   ,29407
Blackshear Court   ,29406
Blackstone Court   ,29406
Blackwell Avenue   ,29406
Blaine Court   ,29407
Blairmore Drive   ,29414
Blake Street   ,29403
Blaze Lane   ,29412
Blitchridge Road   ,29407
Blitzen Court   ,29406
Blockade Lane   ,29412
Blockade Runner Court   ,29414
Blue Dragonfly Drive   ,29414
Blue Jasmine Lane   ,29414
Blue Marlin Drive   ,29412
Bluefish Circle   ,29412
Bluewater Way   ,29414
Board Walk Drive   ,29414
Boardman Road   ,29407
Bob White Drive   ,29412
Boeing Avenue   ,29407
Bogard Street   ,29403
Bolton Road   ,29414
Bolton Street   ,29406
Bonanza Road   ,29414
Bonham Drive   ,29412
Boone Hall Drive   ,29407
Boone Hall Road   ,29407
Boots Avenue   ,29406
Bordeaux Court   ,29406
Borge Street   ,29406
Bossis Drive   ,29407
Boulder Court   ,29406
Bounty Lane   ,29412
Bowens Island Road   ,29412
Boyce Court   ,29412
Boyces Wharf   ,29401
Boyer Court   ,29403
Brabant Street   ,29407
Bradford Avenue   ,29412
Bradham Road   ,29412
Bradham Street   ,29412
Bradley Avenue   ,29407
Bramble Avenue   ,29406
Branch Avenue   ,29406
Brandt Street   ,29406
Brant Road   ,29414
Brantley Drive   ,29412
Braxton Avenue   ,29407
Breakwater Court   ,29412
Bredon Court   ,29414
Brennon Street   ,29407
Bresee Street   ,29412
Brevard Road   ,29414
Brewster Court   ,29403
Brian Road   ,29407
Brianna Lane   ,29412
Briarcliff Drive   ,29407
Briarfield Avenue   ,29412
Briarwood Drive   ,29414
Brigade Street   ,29403
Brigadier Drive   ,29407
Brigadoon Place   ,29414
Brigantine Drive   ,29412
Brigham Court   ,29406
Brighton Circle   ,29414
Brighton Road   ,29407
Brineton Lane   ,29414
Brisbane Drive   ,29407
Bristol Circle   ,29407
Broad Street   ,29401
Brockington Avenue   ,29407
Brockman Circle   ,29412
Brockman Drive   ,29412
Brody Avenue   ,29407
Brogun Lane   ,29414
Brook Hollow Court   ,29414
Brook Street   ,29406
Brookbank Avenue   ,29412
Brookfield Street   ,29407
Brookforest Drive   ,29406
Brookside Drive   ,29406
Brookwood Circle   ,29407
Broughton Road   ,29407
Brown and Smith Lane   ,29412
Brown Drive   ,29412
Brown Pelican Lane   ,29412
Browning Drive   ,29407
Browning Road   ,29407
Bruce Street   ,29412
Bryce Road   ,29412
Bryjo Place   ,29407
Buckeley Circle   ,29414
Buckfield Drive   ,29406
Buckingham Drive   ,29407
Bucknell Drive   ,29406
Buckner Street   ,29412
Bull Creek Lane   ,29414
Bull Street   ,29401
Bulldog Drive   ,29406
Bunkhouse Street   ,29414
Bur Clare Drive   ,29412
Burger Street   ,29407
Burgess Drive   ,29412
Burke Street   ,29406
Burlington Avenue   ,29414
Burnett Drive   ,29412
Burnham Court   ,29414
Burningtree Road   ,29412
Burnley Road   ,29414
Burns Lane   ,29401
Burnswick Avenue   ,29414
Burris Road   ,29414
Buskirk Avenue   ,29406
Butler Street   ,29406
Butler Street   ,29403
Butte Street   ,29414
Butternut Road   ,29414
Butternut Street   ,29414
Byron Road   ,29407
C Street   ,29403
Cabell Street   ,29407
Cabril Drive   ,29414
Cabrill Drive   ,29414
Calamari Court   ,29406
Calhoun Street   ,29401
Califf Road   ,29406
Cambria Circle   ,29414
Camden Xing   ,29406
Camelia Road   ,29407
Camellia Walk Court   ,29412
Camelot Drive   ,29407
Camerton Street   ,29407
Camp Road   ,29412
Campanella Court   ,29406
Campbell Drive   ,29407
Campbell Street   ,29406
Campion Hall Road   ,29407
Canal Street   ,29401
Canal Street   ,29412
Canary Drive   ,29414
Candela Grove Drive   ,29414
Cannon Street   ,29403
Canopy Cove   ,29412
Canterbury Drive   ,29406
Canterbury Road   ,29407
Canty Lane   ,29407
Capers Street   ,29412
Caperton Way   ,29412
Capitan Court   ,29406
Capri Drive   ,29407
Captiva Row   ,29407
Cardiff Street   ,29406
Carla Street   ,29412
Carlin Avenue   ,29412
Carlisle Road   ,29412
Carlson Court   ,29403
Carmel Drive   ,29412
Carnegie Avenue   ,29407
Carol Street   ,29412
Carolina Bay Drive   ,29414
Carolina Street   ,29403
Carolyn Street   ,29406
Carondolet Street   ,29403
Carpenter Street   ,29412
Carrere Court   ,29403
Carriage Court   ,29406
Carriage Lane   ,29407
Carrie Street   ,29407
Carson Drive   ,29407
Carter Road   ,29406
Carterett Avenue   ,29407
Carters Grove Road   ,29414
Cartwright Drive   ,29414
Carverwood Lane   ,29407
Casa Bianca Drive   ,29407
Cashew Street   ,29407
Casrope Lane   ,29412
Cassina Road   ,29407
Castle Avenue   ,29407
Castle Hill Court   ,29414
Castle Pinckney Drive   ,29412
Castlebank Place   ,29414
Castlebrook Place   ,29414
Castleford Court   ,29414
Castlegreen Court   ,29414
Castlereagh Road   ,29414
Castlewood Boulevard   ,29414
Catalina Drive   ,29412
Catawba   ,29414
Catbird Retreat   ,29412
Cathedral Lane   ,29414
Catrwright Drive   ,29414
Cattail Row   ,29407
Catterton Drive   ,29414
Cavalier Avenue   ,29407
Cecil Circle   ,29412
Cecilia Cove Drive   ,29412
Cecilia Drive   ,29407
Cedar Hill Road   ,29412
Cedar Petal Lane   ,29414
Cedar Point Drive   ,29412
Cedar Street   ,29403
Cedarhurst Avenue   ,29407
Cedarwood Road   ,29406
Celestial Court   ,29406
Center Street   ,29412
Center Villa Lane   ,29412
Centervilla Lane   ,29412
Centerwood Drive   ,29412
Central Park Road   ,29412
Centurian Lane   ,29406
Century Place   ,29412
Certificate Court   ,29414
Cessna Avenue   ,29407
Cestus Lane   ,29414
Chadwick Drive   ,29407
Chairmaker Court   ,29414
Chalmers Street   ,29401
Champaign Street   ,29412
Chancellory Lane   ,29414
Chandler Street   ,29412
Channing Street   ,29407
Chapel Street   ,29403
Charing Cross Road   ,29407
Charlestowne Court   ,29401
Charlestowne Drive   ,29407
Charlestowne Road   ,29407
Charlie Hall Boulevard   ,29414
Charlotte Street   ,29403
Charlton Lane   ,29407
Charlyn Drive   ,29407
Charter Drive   ,29406
Chatham Avenue   ,29406
Chatsworth Court   ,29406
Chatuge Court   ,29406
Chaucer Drive   ,29406
Chavis Road   ,29412
Chelsea Court   ,29407
Cheltenham Lane   ,29414
Chelwood Circle   ,29407
Cheraw Drive   ,29412
Cherokee Hall Lane   ,29414
Cherry Street   ,29401
Chesapeake Drive   ,29406
Cheshire Drive   ,29412
Chesshire Drive   ,29412
Chestnut Oak Lane   ,29414
Cheves Drive   ,29412
Chickadee Avenue   ,29407
Chicorie Way   ,29412
Chime Street   ,29406
Chipley Terrace   ,29412
Chisolm Street   ,29401
Chloe Lane   ,29406
Christian Road   ,29407
Chuka Court   ,29412
Church Creek Drive   ,29414
Church Street   ,29401
Cislo Court   ,29406
Citadel Haven Drive   ,29414
Clam Shell Row   ,29412
Clara Lane   ,29406
Clark Avenue   ,29412
Clark Sound Circle   ,29412
Clayton Drive   ,29407
Clayton Drive   ,29414
Clearspring Drive   ,29412
Clearview Drive   ,29412
Clearwater Road   ,29401
Clemson Street   ,29403
Cleveland Street   ,29403
Clifford Street   ,29401
Clifton Street   ,29406
Climbing Tree Court   ,29414
Clipper Street   ,29412
Cloudbreak Court   ,29412
Clover Street   ,29414
Club View Court   ,29412
Clyde Street   ,29407
Coburg Road   ,29407
Cochran Court   ,29407
Coffee Court   ,29414
Coffey Court   ,29414
Coker Avenue   ,29412
Cold Harbor Way   ,29414
Coldspring Drive   ,29406
Coleridge Street   ,29407
Colleton Drive   ,29407
Collette Drive   ,29412
Collingwood Avenue   ,29407
Collingwood Street   ,29407
Colonial Street   ,29401
Colony Drive   ,29407
Columbus Street   ,29403
Colyen Road   ,29407
Combahee Street   ,29412
Coming Street   ,29403
Coming Street   ,29401
Command Street   ,29406
Commencement Lane   ,29406
Commerce Circle   ,29406
Commercial Row   ,29412
Common Alley   ,29403
Compass Pt   ,29412
Conch Corner   ,29412
Concord Street   ,29401
Condon Drive   ,29412
Cone Street   ,29401
Congress Street   ,29403
Conifer Drive   ,29412
Conroy Street   ,29403
Constant Drive   ,29412
Cook Street   ,29406
Cool Blow Street   ,29403
Cooper Street   ,29403
Coopers Basin Circle   ,29414
Coosaw Drive   ,29407
Copperas Hill   ,29406
Coras Court   ,29406
Cordes Street   ,29401
Cordwainer Court   ,29414
Core Avenue   ,29406
Corinne Street   ,29403
Cork Road   ,29407
Corlis Drive   ,29414
Cornell Street   ,29407
Cornerstone Court   ,29412
Cornflower Court   ,29414
Cornish Avenue   ,29412
Cornsilk Drive   ,29414
Cornwallis Drive   ,29412
Corral Drive   ,29414
Corsica Court   ,29406
Cotswold Court   ,29414
Cottage Road   ,29412
Cotton House Road   ,29412
Cotton Planters Court   ,29412
Cottonwood Street   ,29403
Couch Lane   ,29414
Council Street   ,29401
Country Club Drive   ,29412
Country Club Lane   ,29412
Country Lake Court   ,29414
County Road 18   ,29412
County Road 50   ,29412
Courtenay Drive   ,29401
Courtenay Drive   ,29403
Courthouse Square   ,29401
Courtland Avenue   ,29403
Courtwood Road   ,29406
Coventry Circle   ,29407
Covey Lane   ,29412
Crab Walk   ,29412
Crabb Street   ,29407
Craig Road   ,29406
Cranbrook Drive   ,29414
Craven Avenue   ,29407
Credit Union Lane   ,29406
Creeks Bluff Court   ,29414
Creeks Edge   ,29412
Creekside Drive   ,29412
Creekstone Drive   ,29406
Crestwood Place   ,29412
Cristalino Circle   ,29414
Croghan Landing Drive   ,29414
Croghan Spring   ,29407
Cromwell Alley   ,29401
Cross Creek Drive   ,29412
Cross Street   ,29407
Crossbow Court   ,29414
Crosscreek Drive   ,29412
Crossland Road   ,29414
Crossover Road   ,29412
Crossroads Drive   ,29406
Crown Avenue   ,29406
Crowned Kinglet Retreat   ,29412
Crull Drive   ,29407
Crystal Lake Drive   ,29412
Crystal Shore Court   ,29412
Cuffy Lane   ,29412
Culpepper Circle   ,29407
Culver Avenue   ,29407
Culver Avenue   ,29414
Cumberland Street   ,29401
Curtiss Avenue   ,29407
Cutchin Court   ,29414
Cuthbert Street   ,29412
Cutter Drive   ,29412
Cynthia Lane   ,29407
Cypress Branch Court   ,29414
Cypress Street   ,29403
Dade Drive   ,29407
Dakota Street   ,29406
Dalton Street   ,29406
Daniel Ellis Drive   ,29412
Daniel Street   ,29407
Danny Street   ,29412
Dantzler Drive   ,29406
Darcy Court   ,29414
Darien Drive   ,29414
Darlington Avenue   ,29403
Darllington Avenue   ,29403
Dart Exd   ,29406
Darter Road   ,29414
Dartmoor Circle   ,29407
Dartmouth Drive   ,29414
Darwin Street   ,29412
Davan Drive   ,29407
Davidson Avenue   ,29407
Dawn Drive   ,29412
Dawn Hill Drive   ,29414
Dawson Road   ,29412
Day Lily Lane   ,29412
Daytona Drive   ,29407
Deacon Street   ,29406
Dearborne Road   ,29406
Debbenshire Drive   ,29407
Debbinshire Drive   ,29407
Deene Street   ,29412
Deepwood Drive   ,29412
Deer Path Way   ,29414
Deer Ridge Lane   ,29406
Deerfield Drive   ,29414
Deerwood Drive   ,29406
Delancey Circle   ,29406
Delancey Circle E   ,29406
Delaney Drive   ,29412
Deleston Street   ,29412
Delhi Road   ,29406
Dell Road   ,29407
Delmar Street   ,29407
Deloach Street   ,29406
Delta Street   ,29406
Dempsey Street   ,29406
Dennis Drive   ,29406
Derby Street   ,29407
Derbyshire Court   ,29414
Dereef Court   ,29403
Deryl Street   ,29406
Desportes Court   ,29403
Devereaux Avenue   ,29403
Devereux Avenue   ,29403
Devils Elbow   ,29407
Devons Street   ,29412
Devonshire Drive   ,29407
Dewey Street   ,29403
Dexter Lane   ,29412
Diana Street   ,29407
Dickens Street   ,29407
Dickson Avenue   ,29406
Dill Avenue   ,29412
Dills Bluff Court   ,29412
Dills Bluff Road   ,29412
Dillway Street   ,29407
Dingle Street   ,29403
Dobbin Road   ,29414
Dobester Avenue   ,29412
Dobson Street   ,29406
Doe Drive   ,29406
Doe Walk Lane   ,29406
Dogwood Court   ,29406
Dogwood Road   ,29414
Dolmane Drive   ,29407
Dolphin Watch Drive   ,29414
Dominion Court   ,29414
Dominion Drive   ,29406
Donahue Drive   ,29407
Doncaster Drive   ,29414
Donner Avenue   ,29406
Donnie Lane   ,29412
Doris Drive   ,29414
Dorothy Drive   ,29414
Dorset Lane   ,29407
Dotterers Run   ,29414
Dotterer's Run   ,29414
Double Fox Road   ,29414
Double Oak Road   ,29414
Doughty Street   ,29403
Douglass Avenue   ,29407
Dove Haven Court   ,29414
Dove Run Drive   ,29412
Dowden Court   ,29407
Dowden Street   ,29407
Downer Drive   ,29412
Downing Street   ,29407
Downwood Place   ,29412
Drake Street   ,29403
Dresden Lane   ,29407
Drews Court   ,29403
Drexell Drive   ,29407
Driftwood Drive   ,29412
Droos Way   ,29414
Druid Road   ,29407
Drummond Court   ,29414
Dryden Lane   ,29407
Duck Hawk Retreat   ,29412
Ducs Court   ,29403
Duffers Court   ,29414
Duffer's Court   ,29414
Duffy Road   ,29407
Dulsey Road   ,29407
Dunbar Street   ,29407
Dunbarton Drive   ,29407
Duncan Street   ,29403
Dunlap Street   ,29406
Dunnemann Avenue   ,29403
Dunnes Lane   ,29407
Dunoon Drive   ,29414
Dunvegan Drive   ,29414
Dupont Road   ,29407
Duren Court   ,29414
Durham Place   ,29407
Durkee Street   ,29414
Dutton Avenue   ,29406
Duvall Street   ,29412
E and West Road   ,29412
E Avalon   ,29407
E Avalon Circle   ,29407
E Battery   ,29401
E Bay Street   ,29401
E Bay Street   ,29403
E Castle Place   ,29414
E Edgewater Drive   ,29407
E Elliott Street   ,29401
E Estates Boulevard   ,29414
E Hampstead Square   ,29403
E Lakeland Drive   ,29406
E Lakeside Drive   ,29406
E Marymont Lane   ,29414
E Pinto Court   ,29406
E Recess Road   ,29406
E Relyea Avenue   ,29412
E Shore Lane   ,29407
E Shore Lane   ,29414
E Street   ,29403
E Tower Court   ,29414
E Tulane Road   ,29406
E Wantoot Boulevard   ,29407
E Westchester Drive   ,29414
E Wimbledon Drive   ,29412
E Witter Street   ,29412
Eades Lane   ,29414
Eagle Drive   ,29406
Eagle Landing Boulevard   ,29406
Eagle View Drive   ,29414
Eaglet Lane   ,29406
Eaglewood Trail   ,29412
Eallystockert Road   ,29414
Earl Court   ,29407
East Street   ,29407
Eastcott Court   ,29403
Eastwood Avenue   ,29406
Easy Street   ,29406
Edbillellis Road   ,29406
Eddy-Willie Lane   ,29412
Edentree Place   ,29412
Edenwood Court   ,29407
Edgewood Drive   ,29407
Edinburgh Drive   ,29406
Edinburgh Road   ,29407
Edison Avenue   ,29406
Edisto Avenue   ,29412
Edmonds Drive   ,29412
Edsent Avenue   ,29407
Edward D Singleton Drive   ,29412
Egret Crest Lane   ,29414
Egret Lane   ,29414
Ehrhardt Drive   ,29403
Elder Avenue   ,29406
Eleanor Drive   ,29406
Elias Lane   ,29412
Elissa Drive   ,29414
Eliza Court   ,29407
Elizabeth Lane W   ,29407
Elizabeth Street   ,29403
Elk Street   ,29406
Elliott Street   ,29401
Ellis Creek Lndg   ,29412
Ellis Oak Drive   ,29412
Ellis Street   ,29407
Ellison Run   ,29412
Elm Road   ,29414
Elms Center Road   ,29406
Elms Plantation Boulevard   ,29406
Elmwood Avenue   ,29403
Elsey Drive   ,29407
Elsinore Court   ,29406
Elton Court   ,29407
Emanuel Lane   ,29412
Emden Street   ,29406
Emerald Forest Pkwy   ,29414
Emerson Street   ,29412
Emily Brown Road   ,29412
Emily Drive   ,29407
Emmie Street   ,29406
Emory Avenue   ,29407
Encampment Court   ,29412
Encampment Road   ,29412
End Drive   ,29407
Endo Drive   ,29407
Enoree Lane   ,29412
Enston Avenue   ,29403
Ephgene Square   ,29406
Ephgenie Square   ,29406
Erskine Avenue   ,29414
Erskine Court   ,29414
Essex Farms Drive   ,29414
Ethel Road   ,29406
Etiwan Avenue   ,29414
Eton Road   ,29407
Eugene Gibbs Street   ,29412
Evans Road   ,29412
Eve Circle   ,29414
Evening Shade Drive   ,29414
Evergreen Street   ,29407
Exchange Street   ,29401
Executive Hall Road   ,29407
Exeter Court   ,29407
F Street   ,29403
Faber Street   ,29401
Fain Boulevard   ,29406
Fain Street   ,29406
Fair Spring Drive   ,29414
Fairfax Court   ,29407
Fairfield Avenue   ,29407
Fairway Drive   ,29412
Fairwind Drive   ,29406
Falcon Cove Lane   ,29406
Falcon Road   ,29406
Falkirk Drive   ,29407
Falmouth Street   ,29407
Family Circle   ,29407
Farcet Circle   ,29407
Farm Road   ,29412
Farmers Market Drive   ,29414
Farmfield Avenue   ,29407
Farmfield Road   ,29407
Farmington Road   ,29412
Farnham Road   ,29412
Fassitt Road   ,29406
Fawn Street   ,29406
Felix Street   ,29403
Fenwick Drive   ,29407
Ferguson Road   ,29412
Fernwood Drive   ,29406
Ferris and Cyrus Road   ,29412
Fiall Street   ,29407
Fiddle Way   ,29412
Fiddler Island Lane   ,29412
Fidling Road   ,29414
Fieldfare Way   ,29414
Fields Circle   ,29412
Fields Place   ,29403
Fieldstone Circle   ,29414
Fife Lane   ,29414
Fifth Street   ,29412
First Mate Court   ,29412
Firth Street   ,29407
Fishburne Drive   ,29406
Fishburne Street   ,29403
Fitzroy Drive   ,29414
Five Oaks Drive   ,29412
Flamingo Drive   ,29414
Flanders Avenue   ,29406
Fleming Road   ,29412
Flint Street   ,29412
Flintwood Court   ,29406
Flood Street   ,29403
Flora Street   ,29406
Florence Lane   ,29407
Flower Creek Way   ,29414
Flyingfish Circle   ,29412
Folly Creek Way   ,29412
Folly Road   ,29412
Folly Road   ,29407
Folly Road Boulevard   ,29407
Forbes Avenue   ,29407
Forbes Avenue   ,29414
Ford Court   ,29401
Forde Row   ,29412
Forest Creek Court   ,29414
Forest Dew Court   ,29414
Forest Drive   ,29406
Forest Glen Drive   ,29414
Forest Lakes Boulevard   ,29414
Forest Lane   ,29412
Forestwood Drive   ,29407
Formosa Drive   ,29407
Fort Drive   ,29406
Fort Johnson Road   ,29412
Fort Lamar Road   ,29412
Fort Pemberton Drive   ,29412
Fort Royal Avenue   ,29407
Fort Royal Court   ,29407
Fort Sumter Drive   ,29412
Fortune Lane   ,29412
Foster Street   ,29407
Fox Lake Court   ,29414
Fox Ridge Court   ,29414
Fox Trot Road   ,29414
Foxcroft Road   ,29412
Foxhall Road   ,29414
Frampton Avenue   ,29412
Frampton Street   ,29412
Franchesca Avenue   ,29406
Francis Marion Drive   ,29412
Francis Street   ,29403
Frank Street   ,29407
Franklin Gaillard Road   ,29412
Franklin Street   ,29401
Fred Street   ,29412
Freedom Drive   ,29414
Freer Street   ,29412
Fremont Street   ,29412
Fretwell Street   ,29406
Friendly Circle   ,29407
Friendly Circle   ,29414
Fruitwood Avenue   ,29414
Fuller Street   ,29406
Fulton Street   ,29401
Furman Drive   ,29414
Furr Street   ,29406
Fuseler Road   ,29407
Gable Street   ,29406
Gadsden Court   ,29403
Gadsden Street   ,29401
Gadsden Way   ,29412
Gale Avenue   ,29406
Gallberry Street   ,29414
Galleon Road   ,29412
Gamecock Avenue   ,29407
Garden Creek Road   ,29414
Garden Street   ,29407
Gardenia Road   ,29407
Gardens Corner Court   ,29407
Gardenwalk Court   ,29414
Gardner Road   ,29407
Garrett Avenue   ,29406
Garrison Street   ,29412
Garth Drive   ,29414
Gary Drive   ,29407
Gatehouse Court   ,29414
Gateway Walk   ,29401
Gay Place   ,29403
Geddes Avenue   ,29407
Gendron Street   ,29401
Genoa Court   ,29406
George Street   ,29401
Gettysburg Drive   ,29412
Gibbes Street   ,29401
Gibson Avenue   ,29406
Gilbert Street   ,29412
Gillon Street   ,29401
Gilmore Court   ,29412
Gilmore Road   ,29407
Gin House Court   ,29412
Gippy Lane   ,29407
Gladden Drive   ,29412
Glebe Street   ,29401
Glen Oaks Court   ,29414
Glendale Drive   ,29414
Glenford Road   ,29406
Glengary Court   ,29414
Glenkirk Drive   ,29414
Glenn McConnell Pkwy   ,29414
Glenwood Avenue   ,29403
Godber Street   ,29412
Godfrey Park Place   ,29407
Goer Drive   ,29406
Golfview Drive   ,29412
Good Street   ,29406
Gordon Street   ,29403
Gourdin Street   ,29407
Gracie Lee Lane   ,29412
Graham Street   ,29406
Grand Concourse Street   ,29412
Grant Hill Road   ,29407
Gravel Pit Road   ,29412
Gray Court   ,29401
Great Castle Place   ,29414
Great Hall Court   ,29414
Grech Avenue   ,29407
Grech Street   ,29407
Green Park Avenue   ,29414
Greenbay Drive   ,29406
Greenbriar Lane   ,29412
Greenfield Place   ,29406
Greenhill Road   ,29412
Greenhill Street   ,29401
Greenmore Drive   ,29407
Greenridge Road   ,29406
Gregg Drive   ,29412
Griffendorf Boulevard   ,29406
Griffin Street   ,29406
Grimball Avenue   ,29412
Grimball Farm Lane   ,29412
Grimball Road   ,29412
Grimball Road Exd   ,29412
Grimsley Drive   ,29412
Grove Park Drive   ,29414
Grove Street   ,29403
Guerard Road   ,29407
Guerry Avenue   ,29414
Guignard Street   ,29401
Gulch Road   ,29412
Gullane Road   ,29414
Gumwood Boulevard   ,29406
Gun Club Road   ,29414
Gunclub Road   ,29414
Gunn Avenue   ,29407
Gunpowder Court   ,29412
H Street   ,29403
Hackney Court   ,29406
Hadley Court   ,29406
Hagerman Street   ,29406
Hagermans Court   ,29403
Hagerty Drive   ,29414
Hagood Avenue   ,29406
Hagood Avenue   ,29403
Hainsworth Drive   ,29414
Hale   ,29412
Hale Street   ,29412
Haley Court   ,29406
Halo Lane   ,29407
Halsey Boulevard   ,29401
Halsey Street   ,29401
Halstead Street   ,29414
Hamilton Avenue   ,29407
Hampden Court   ,29403
Hampshire Street   ,29412
Hampton Bluff Road   ,29414
Hampton Court   ,29403
Hanahan Road   ,29406
Hanckel Street   ,29412
Handel Drive   ,29407
Hanover Street   ,29403
Hansard Drive   ,29406
Happy Hollow Circle   ,29414
Hara Lane   ,29414
Harbor Cove Lane   ,29412
Harbor Creek Drive   ,29412
Harbor Oaks Drive   ,29412
Harbor Place Drive   ,29412
Harbor Trace Circle   ,29412
Harbor View Circle   ,29412
Harbor View Lan   ,29412
Harbor View Road   ,29412
Harborsun Drive   ,29412
Harbortowne Road   ,29412
Harcourt Lane   ,29414
Hardy Avenue   ,29406
Harlech Way   ,29414
Harlem Court   ,29403
Harleston Place   ,29401
Harley Street   ,29406
Harmony Street   ,29407
Harper Street   ,29406
Harrell Square Center   ,29407
Harrill Court   ,29412
Harris Street   ,29403
Harrison Avenue   ,29407
Harrods Lane   ,29412
Harrow Street   ,29407
Hartland Street   ,29414
Harvard Avenue   ,29414
Hasell Street   ,29401
Hasting Street   ,29407
Hastings Court   ,29414
Hatchers Run Drive   ,29414
Hawks Cay Court   ,29414
Hawks Court   ,29414
Hawthorne Drive   ,29406
Hawthorne Road   ,29406
Hayden Glenn Drive   ,29406
Hayne Street   ,29401
Hayne Street   ,29406
Haywick Court   ,29414
Hazel Road   ,29407
Hazelwood Drive   ,29407
Hazzard Lane   ,29412
Hearthside Drive   ,29414
Heathwood Drive   ,29407
Heatley Road   ,29406
Heidels Way   ,29412
Held Circle   ,29412
Hemmingway Drive   ,29414
Hempstead Court   ,29414
Henley Lane   ,29412
Henrietta Street   ,29403
Henry Teckenburg Drive   ,29414
Henry Tecklenburg Drive   ,29414
Hepburn Street   ,29412
Hepplewhite Street   ,29414
Heriot Street   ,29403
Heritage Park Road   ,29407
Hermitage Avenue   ,29412
Herndon Drive   ,29414
Heron Watch Court   ,29414
Hester Street   ,29403
Heyward Cove Place   ,29412
Hialeah Court   ,29414
Hickory Street   ,29407
Hidden Fields Way   ,29412
High Nest Lane   ,29412
High Street   ,29407
High Tide Drive   ,29414
Highland Avenue   ,29412
Highland Park Road   ,29406
Highland Terrace Drive   ,29406
Highpoint Drive   ,29406
Highwood Circle   ,29412
Hillary Court   ,29403
Hillcreek Boulevard   ,29412
Hillman Street   ,29412
Hillsboro Drive   ,29407
Hillside Drive   ,29407
Hillside Drive   ,29406
Hilt Street   ,29406
Hinson Avenue   ,29412
Hitching Post Road   ,29414
Hobart Avenue   ,29407
Hobonny Lane   ,29407
Hockley Boulevard   ,29414
Hoff Avenue   ,29407
Holbert Drive   ,29406
Holcombe Road   ,29406
Holliday Street   ,29414
Hollings Road   ,29412
Hollow Court   ,29406
Holly Court   ,29406
Holly Creek Road   ,29412
Hollywood Drive   ,29407
Holt Street   ,29403
Holton Place   ,29407
Homel Place   ,29403
Homeview Street   ,29406
Honeyhill Road   ,29412
Honeysuckle Lane   ,29412
Honeywell Court   ,29414
Hood Street   ,29412
Hoover Avenue   ,29406
Hoover Street   ,29406
Horizon Street   ,29403
Horlbeck Alley   ,29401
Horne Avenue   ,29406
Horne Road   ,29406
Hoss Road   ,29414
Houghton Drive   ,29412
Howard Street   ,29406
Howle Avenue   ,29412
Hoylake Court   ,29414
Huffman Lane   ,29406
Huger Street   ,29403
Huguenot Avenue   ,29407
Hume Avenue   ,29406
Humphrey Court   ,29403
Hunley Avenue   ,29412
Hunt Club Run   ,29414
Hunt Park Road   ,29414
Hunt Street   ,29414
Hunter Creek Drive   ,29414
Hunters Forest Drive   ,29414
Hunters Rest Court   ,29414
Hunters Rest Drive   ,29414
Huntington Drive   ,29407
Huntley Drive   ,29407
Hurtes Island Drive   ,29407
Hutson Street   ,29403
Hutton Court   ,29407
Hutton Place   ,29407
I Street   ,29403
Idamor Drive   ,29414
Idlewood Lane   ,29414
Immigration Street   ,29403
Impala Court   ,29406
Indaba Way   ,29414
Indian Mound Trail   ,29407
Indian Street   ,29403
Indian Summer Drive   ,29406
Indian Town Trail   ,29407
Indigo Court   ,29412
Indigo Point Drive   ,29407
Ingram Road   ,29407
Inland Avenue   ,29412
Innisbrook Court   ,29414
Intercept Avenue   ,29406
Inverary Court   ,29414
Inverness Drive   ,29412
Inverness Lane   ,29406
Ipswich Court   ,29403
Iron Street   ,29406
Isabella Street   ,29403
Island Drive   ,29407
Islington Court   ,29403
Ismael Road   ,29412
Ivy Circle   ,29414
Ivy Hall Road   ,29407
Ivy Isle Drive   ,29412
Ivyhall Road   ,29407
Izard Court   ,29414
Jackson Street   ,29403
Jackwood Court   ,29407
Jacobs Alley   ,29401
Jamaica Drive   ,29407
James Bell Drive   ,29406
James Cove Drive   ,29412
James Drive   ,29412
James Prioleau Road   ,29412
Jamestown Road   ,29407
Jamison Court   ,29412
Jane Circle   ,29412
Jason Street   ,29406
Jasper Street   ,29403
Jawol Drive   ,29414
Jaywood Circle   ,29407
Jean Street   ,29407
Jeb Stuart Road   ,29412
Jedediah Court   ,29412
Jedi Street   ,29406
Jeff Gaillard Lane   ,29412
Jeffery Road   ,29412
Jeffords Street   ,29412
Jenkins Road   ,29407
Jenny Lind Street   ,29406
Jerdone Street   ,29412
Jerome Court   ,29414
Jerry Drive   ,29407
Jervey Avenue   ,29407
Jessamine Road   ,29407
Jessen Avenue   ,29406
Jessica Court   ,29406
Jet Park Road   ,29406
Jim Isle Drive   ,29412
Joan Street   ,29407
Jobee Drive   ,29414
Jocassee Drive   ,29406
Joe Rivers Road   ,29412
Joey Circle   ,29412
John Rutledge Avenue   ,29406
John Street   ,29403
Johnson Road   ,29407
Johnson Street   ,29403
Jonah Street   ,29406
Jonash Road   ,29412
Jonathan Lucas Street   ,29401
Jones Avenue   ,29406
Jordan Street   ,29412
Joseph Street   ,29412
Joshua Drive   ,29407
Joy Avenue   ,29407
Judith Street   ,29403
Judy Street   ,29406
Julia Street   ,29412
Julian Clark Road   ,29412
Julius Pettigrew Road   ,29412
Juniper Street   ,29407
Jury Lane   ,29406
Justin Avenue   ,29407
Keats Road   ,29407
Keble Road   ,29407
Keely Street   ,29412
Kell Place   ,29412
Kemper Avenue   ,29412
Kempton Avenue   ,29412
Kendall Drive   ,29414
Kenilworth Avenue   ,29403
Kennedy Court   ,29403
Kennedy Street   ,29403
Kenneth Drive   ,29406
Kensington Drive   ,29407
Kentwood Circle   ,29412
Kenyon Street   ,29407
Kerry Street   ,29406
Key Court   ,29412
Kiki Way   ,29407
Killians Street   ,29403
Kilmarnock Way   ,29414
Kimbell Road   ,29406
King Charles Court   ,29414
King Edward Drive   ,29414
King Richard Drive   ,29407
King Street   ,29401
King Street   ,29403
Kingfish Circle   ,29412
Kingfisher Circle   ,29406
Kings Court   ,29406
Kings Mill Court   ,29414
Kingswood Drive   ,29412
Kinlock Court   ,29403
Kipling Road   ,29407
Kirkland Lane   ,29401
Kirkless Abbey Drive   ,29407
Kirkwood Avenue   ,29406
Kissemee Drive   ,29406
Kittredge Drive   ,29412
Knight Street   ,29406
Knightsmore Place   ,29414
Knotty Pine Road   ,29412
Koger Drive   ,29412
Kracke Street   ,29403
Kruger Avenue   ,29407
Kushiwah Creek Court   ,29412
Kushiwah Creek Drive   ,29412
Kyle Place   ,29403
Lacross Road   ,29406
Lacy Street   ,29406
Ladson Street   ,29401
Lady Ashley Street   ,29412
Lady Cooper Street   ,29412
Lady Jordan Road   ,29412
Lafayette Court   ,29406
Lake Avenue   ,29414
Lake Frances Drive   ,29412
Lake Marion Drive   ,29406
Lake Moultrie Drive   ,29406
Lake Myrtle Drive   ,29414
Lake Park Drive   ,29406
Lakefront Drive   ,29412
Lakeshore Drive   ,29412
Lakeview Drive   ,29406
Lakeview Place   ,29406
Lakewood Street   ,29406
Lamar Street   ,29407
Lamb Street   ,29414
Lamboll Street   ,29401
Lamont Road   ,29407
Lampton Road   ,29407
Lancashire Street   ,29412
Landgrave Avenue   ,29414
Lands End Drive   ,29407
Landsdowne Drive   ,29412
Lango Avenue   ,29407
Langston Street   ,29406
Lani Court   ,29414
Lansfaire Drive   ,29414
Lantana Drive   ,29407
Lantern Street   ,29414
Lapps Court   ,29403
Larissa Drive   ,29414
Lark Lane   ,29406
Larkwood Road   ,29412
Larnes Street   ,29403
Laroche Street   ,29412
Larry Street   ,29406
Lasalle Street   ,29407
Latham Circle   ,29407
Lauradell Avenue   ,29406
Laurel Avenue   ,29403
Laurelwood Drive   ,29414
Laurens Street   ,29401
Lavington Court   ,29407
Lavington Road   ,29407
Lawton Harbor Drive   ,29412
Lawton Place   ,29412
Lazarette Lane   ,29414
Lazy River Drive   ,29414
Lazylake Court   ,29412
Leafwood Road   ,29412
League Street   ,29412
Leary Street   ,29406
Leath Court   ,29406
Lebanon Lane   ,29412
Lebanon Road   ,29412
Lebby Street   ,29412
Lee Street   ,29403
Leeward Avenue   ,29412
Legare Street   ,29401
Leichester Road   ,29407
Leiderman Street   ,29406
Leila Lane   ,29414
Leinbach Drive   ,29407
Leith Lane   ,29414
Lemon Tree Lane   ,29412
Lenevar Drive W   ,29407
Lenox Street   ,29403
Lenwood Boulevard   ,29401
Leone Court   ,29406
Lepley Road   ,29406
Levin Court   ,29414
Lewis Court   ,29403
Lexington Avenue   ,29403
Liberty Street   ,29401
Lighthouse Boulevard   ,29412
Lighthouse Road   ,29412
Limbaker Street   ,29412
Limehouse Street   ,29401
Limestone Boulevard   ,29414
Lindberg Street   ,29412
Linden Circle   ,29407
Lindendale Avenue   ,29407
Lindrick Court   ,29414
Line Street   ,29403
Linguard Street   ,29401
Lining Court   ,29407
Lining Lane   ,29407
Lisa Street   ,29406
Litchfield Drive   ,29406
Little David Court   ,29412
Little John Drive   ,29407
Little Oak Island Drive   ,29412
Little Rock Boulevard   ,29412
Little Sydney's Way   ,29406
Live Oak Avenue   ,29407
Liverpool Drive   ,29414
Lochaven Drive   ,29414
Lochcarron Terrace   ,29414
Lochmore Terrace   ,29414
Locke Lane   ,29407
Lockheed Street   ,29407
Locksley Drive   ,29407
Lockwood Boulevard   ,29401
Lockwood Drive   ,29403
Lockwood Drive   ,29401
Locust Street   ,29407
Lodge Alley   ,29401
Logan Street   ,29401
Lolandra Avenue   ,29407
Lombardi Court   ,29406
Lombardi Lane   ,29406
London Drive   ,29412
Long Shadow Lane   ,29406
Longbow Court   ,29414
Longbranch Drive   ,29414
Longfellow Road   ,29407
Longitude Lane   ,29401
Longleaf Avenue   ,29406
Longstreet Drive   ,29412
Longview Court   ,29414
Longwood Lane   ,29412
Loraine Drive   ,29406
Lord Ashley Drive   ,29407
Lord Calvert Drive   ,29407
Lorenzo Lane   ,29406
Lorne Court   ,29414
Lotus Lane   ,29412
Louise Drive   ,29403
Louise P Gardner Street   ,29412
Lowland Lane   ,29412
Lowndes Pointe Drive   ,29403
Lowndes Street   ,29401
Lucille Drive   ,29406
Lucky Road   ,29412
Ludwell Street   ,29407
Luke Street   ,29414
Lula Street   ,29407
Lumber Street   ,29412
Luna Court   ,29414
Lyall Court   ,29406
Lydia Drive   ,29412
Lynn Court   ,29406
Lynne Avenue   ,29412
Lynton Street   ,29412
Lynwood Drive   ,29414
Lytham Court   ,29414
Lyttleton Street   ,29407
Mabelene Road   ,29406
Mabeline Road   ,29406
Macbeth Creek Drive   ,29414
Maclaura Hall Avenue   ,29414
Macqueen Avenue   ,29407
Madagascar Court   ,29407
Madelyn Street   ,29406
Magazine Street   ,29401
Magnolia Avenue   ,29403
Magnolia Ferry Road   ,29414
Magnolia Plantation Road   ,29414
Magnolia Road   ,29407
Magwood Drive   ,29414
Mahi Mahi Way   ,29406
Maiden Lane   ,29401
Main Street   ,29407
Maintanance Way   ,29406
Maintenance Way   ,29406
Majestic Oak Drive   ,29412
Malibu Court   ,29406
Mall Drive   ,29406
Mallory Drive   ,29414
Malvern Lane   ,29406
Mamie Street   ,29407
Manassas Drive   ,29414
Manchester Road   ,29407
Manderley Court   ,29414
Manigault Place   ,29407
Manor Boulevard   ,29406
Manor Boulevard   ,29407
Manorwood Lane   ,29414
Mansfield Street   ,29407
Maple Leaf Court   ,29414
Maple Oak Lane   ,29414
Maple Street   ,29403
Maple Street   ,29406
Maple Street   ,29407
Maplecrest Drive   ,29412
Mapleton Avenue   ,29412
Maranda Holmes Street   ,29403
Marbel Street   ,29403
Marble Arch Court   ,29407
Margaret Drive   ,29406
Marginal Road   ,29414
Marias Court   ,29414
Marie Street   ,29406
Marietta Street   ,29406
Mariner Drive   ,29412
Mariners Fry   ,29414
Marion Street   ,29403
Market Street   ,29401
Markfield Drive   ,29407
Markham Road   ,29414
Markham Street   ,29414
Marlborough Court   ,29401
Marlin Lane   ,29412
Marlow Drive   ,29403
Marsh Creek Drive   ,29414
Marsh Flower Lane   ,29414
Marsh Lake Court   ,29414
Marsh Oaks Drive   ,29407
Marsh Point Drive   ,29412
Marshfaire Place   ,29414
Marshland Drive   ,29414
Marshview Drive   ,29412
Marson Street   ,29406
Martello Drive   ,29412
Martin Luther King Boulevard   ,29407
Martins Path   ,29414
Marvin Avenue   ,29407
Mary Ader Avenue   ,29414
Mary Ellen Drive   ,29403
Mary Rivers Lane   ,29412
Mary Roper Lane   ,29412
Mary Street   ,29403
Maverick Drive   ,29406
Maverick Street   ,29403
Mawood Avenue   ,29406
Maxcy Street   ,29412
Maybank Highway   ,29412
Mayfield Court   ,29406
Maylen Road   ,29407
Mazyck Road   ,29406
Mazyck Road   ,29407
Mazyck Street   ,29407
McClain Street   ,29407
McCutchen Street   ,29412
McDougal Drive   ,29414
McElveen Street   ,29412
McGregor Street   ,29406
McHenry Avenue   ,29412
McIntyre Road   ,29412
McKee Court   ,29414
McLeod Avenue   ,29412
McLeod Road   ,29414
McNeil Washington Road   ,29412
McNew Street   ,29406
Meadow Avenue   ,29406
Meadow Breeze Lane   ,29414
Meadow Trace Court   ,29414
Meadowcliff Avenue   ,29406
Meadowlawn Drive   ,29407
Meander Row   ,29412
Means Street   ,29412
Medcom Street   ,29406
Medical Plaza Drive   ,29406
Medway Road   ,29412
Meeting Street   ,29401
Meeting Street   ,29403
Mellichamp Drive   ,29412
Mellowood Place   ,29412
Melnick Drive   ,29406
Melody Lane   ,29414
Melrose Drive   ,29414
Melville Road   ,29406
Melvin Court   ,29406
Melvin Drive   ,29406
Memminger Avenue   ,29407
Memory Lane   ,29407
Menola Avenue   ,29414
Menotti Alley   ,29401
Menotti Street   ,29401
Mentella Cove Drive   ,29414
Mepkin Road   ,29407
Merton Road   ,29407
Meyers Road   ,29407
Miami Street   ,29406
Michel Place   ,29401
Michele Manor   ,29406
Michelle Manor   ,29406
Middle Atlantic Whf Street   ,29401
Middleburry Lane   ,29414
Middleton Oaks Road   ,29414
Middleton Place   ,29403
Middlewood Drive   ,29412
Midland Drive   ,29406
Midland Park Road   ,29406
Midvale Avenue   ,29412
Mikell Drive   ,29412
Milano Court   ,29406
Milano Street   ,29406
Miles Drive   ,29407
Military Road   ,29406
Military Way   ,29414
Mill Point Road   ,29412
Mill Street   ,29407
Millcreek Drive   ,29407
Mim Avenue   ,29407
Minnie Street   ,29407
Minor Street   ,29406
Minott Street   ,29412
Mission Avenue   ,29414
Misty Court   ,29406
Misty Lake Drive   ,29412
Mizzen Mast Drive   ,29407
Mockingbird Lane   ,29414
Mohawk Avenue   ,29412
Mole Lane   ,29406
Mona Avenue   ,29414
Monarch Court   ,29414
Montagu Court   ,29401
Montagu Street   ,29401
Montclair Street   ,29407
Monte Sano Court   ,29406
Monte Sano Drive   ,29406
Montford Avenue   ,29403
Montgomery Road   ,29412
Montgrove Court   ,29414
Monticello Drive   ,29412
Montreat Court   ,29414
Moore Drive   ,29407
Moore Street   ,29406
Mooring Drive   ,29412
Morgan Avenue   ,29406
Morning Dove Lane   ,29414
Morris Street   ,29403
Morrison Drive   ,29403
Morton Avenue   ,29407
Moses Court   ,29403
Mosquito Beach Road   ,29412
Moss Oak Lane   ,29414
Motley Lane   ,29401
Moultrie Street   ,29403
Mount Batten Drive   ,29406
Mount Pleasant Street   ,29403
Mount Vernon Drive   ,29412
Mowler Court   ,29414
Mueller Drive   ,29407
Muirfield Pkwy   ,29414
Mulberry Street   ,29407
Mulmar Street   ,29407
Mulroy Court   ,29414
Murphy Court   ,29403
Murray Avenue   ,29406
Murray Boulevard   ,29401
Murray Hill Drive   ,29407
Mutual Drive   ,29414
Myrtis Lane   ,29406
N Adgers Wharf   ,29401
N Ainsdale Drive   ,29414
N Allan Park   ,29403
N and South Road   ,29412
N Atlantic Wharf   ,29401
N Avalon Circle   ,29407
N Basilica Avenue   ,29406
N Boland Circle   ,29406
N Castle Lane   ,29414
N Center Street   ,29406
N Channel Court   ,29412
N Colony Drive   ,29407
N Dallerton Circle   ,29414
N Edgewater Drive   ,29407
N England Court   ,29414
N Enston Avenue   ,29403
N Godfrey Park Place   ,29407
N Hampstead Square   ,29403
N Hampton Drive   ,29407
N Hanover Street   ,29403
N Kenwood Drive   ,29406
N Lander Lane   ,29414
N Market Street   ,29401
N Mayflower Drive   ,29412
N Moss Oak Lane   ,29414
N Murray Avenue   ,29406
N Nassau Street   ,29403
N Park Boulevard   ,29406
N Park Exd   ,29406
N Park Lane   ,29406
N Pinebark Lane   ,29407
N Relyea Avenue   ,29412
N Rhett Avenue   ,29406
N Romney Street   ,29403
N Sherwood Drive   ,29407
N Shore Drive   ,29407
N Shore Drive   ,29412
N Sterling Drive   ,29412
N Stiles Drive   ,29412
N Tracy Street   ,29403
N Trinity Drive   ,29407
N Wantoot Boulevard   ,29407
N Westchester Drive   ,29414
N Woodmere Drive   ,29407
Nabors Drive   ,29412
Napoli Lane   ,29406
Nashmor Road   ,29407
Nassau Street   ,29403
Nathaniel Drive   ,29412
Nazarene Street   ,29406
Needlegrass Lane   ,29412
Nelson Circle   ,29406
Nemours Drive   ,29407
Nevonna Drive   ,29406
New Castle Street   ,29407
New Ryder Road   ,29406
New Street   ,29401
New Town Lane   ,29407
Newbury Street   ,29412
Niagara Street   ,29407
Nicholson Street   ,29407
Nineth Avenue   ,29403
Norfolk Drive   ,29412
Norman Street   ,29403
Norris Avenue   ,29407
Northbridge Drive   ,29407
Northbrook Boulevard   ,29406
Northfield Court   ,29414
Northfield Place   ,29406
Northlake Court   ,29414
Northpark Boulevard   ,29406
Northside Drive   ,29407
Northwoods Boulevard   ,29406
Norton Street   ,29414
Norview Circle   ,29407
Norview Drive   ,29407
Notlee Place   ,29407
Nottingham Drive   ,29407
Nowell Avenue   ,29406
Nuffield Road   ,29407
Nunan Street   ,29403
Nursery Road   ,29414
Nye Street   ,29407
Oak Forest Drive   ,29407
Oak Island Drive   ,29412
Oak Point Road   ,29412
Oak Street   ,29406
Oak Street   ,29407
Oak Turn Road   ,29412
Oakcrest Drive   ,29412
Oakdale Place   ,29407
Oakfield Drive   ,29412
Oakland Road   ,29414
Oakmont Lane   ,29412
Oatly Circle   ,29414
Ocean Neighbors Boulevard   ,29412
Oceanview Road   ,29412
Oeland Street   ,29403
Ogden Road   ,29407
Ogier Street   ,29403
Oglethorpe Drive   ,29414
Old Battery Circle   ,29412
Old Colony Drive   ,29406
Old English Drive   ,29407
Old Folly Beach Road   ,29412
Old Fort Avenue   ,29414
Old Hazelwood Road   ,29406
Old London   ,29406
Old London Road   ,29406
Old Military Road   ,29412
Old Orchard Road   ,29412
Old Oscar Walker Road   ,29412
Old Parsonage Road   ,29414
Old Plantation Road   ,29412
Old Point Road   ,29406
Old Point Road   ,29412
Old Sol Legare Road   ,29412
Old Summer House Road   ,29412
Old Town Plantation Road   ,29407
Old Towne Road   ,29407
Oleander Court   ,29406
Oleander Court   ,29414
Oliver Court   ,29403
Olney Road   ,29414
One Love Street   ,29412
Opal Avenue   ,29407
Ophir Drive   ,29407
Orange Branch Road   ,29407
Orange Court   ,29403
Orange Grove Road   ,29407
Orange Grove Shores Drive   ,29407
Orange Street   ,29401
Ordinance Pt   ,29412
Orleans Road   ,29407
Orrs Court   ,29403
Orvin Street   ,29406
Oswego Street   ,29403
Otis Avenue   ,29414
Otranto Boulevard   ,29406
Otranto Club Circle   ,29406
Otranto Club Lane   ,29406
Otranto Club Regime   ,29406
Otranto Road   ,29406
Overdell Drive   ,29407
Overrun Street   ,29414
Owens Street   ,29414
Oxbow Drive   ,29412
Oxford Place   ,29414
Oxford Place Drive   ,29414
Oxford Place Road   ,29414
Oxford Street   ,29407
Oxon Hill Court   ,29406
Oyster Corner   ,29412
Oyster Point Row   ,29412
Packard Court   ,29414
Paddington Circle   ,29407
Paddlecreek Avenue   ,29412
Paddle-Creek Avenue   ,29412
Paddy Place   ,29407
Pageland Road   ,29412
Paige Court   ,29403
Paladin Lane   ,29406
Palermo Place   ,29406
Pally Man Lane   ,29412
Palm Boulevard   ,29406
Palm Street   ,29406
Palmer Creek Bend   ,29412
Palmer Drive   ,29414
Palmetto Park Drive   ,29407
Palmetto Park Road   ,29407
Palmetto Road   ,29407
Palomino Court   ,29407
Par Court   ,29414
Par Drive   ,29414
Paran Oaks Drive   ,29414
Parana Street   ,29406
Paris Williams Road   ,29412
Parish Road   ,29407
Park Stone Drive   ,29414
Park Street   ,29406
Parkdale Drive   ,29407
Parkdale Drive   ,29414
Parkshore Drive   ,29407
Parkway Drive   ,29412
Parkwood Avenue   ,29403
Parkwood Estates Drive   ,29407
Parnell Lane   ,29407
Parrot Creek Way   ,29412
Parsonage Lane   ,29414
Parsonage Road   ,29414
Parsons Corner   ,29414
Pastor Avenue   ,29406
Patterson Avenue   ,29412
Paul Avenue   ,29406
Paul Cantrell Boulevard   ,29407
Paul Revere Court   ,29412
Paul Revere Drive   ,29412
Paula Drive   ,29407
Pauline Avenue   ,29412
Paulson Street   ,29406
Paw Paw Place   ,29412
Pawtucket Street   ,29414
Payne Court   ,29403
Peachtree Street   ,29403
Pearlott Street   ,29407
Peas Hill Road   ,29412
Peas Island Road   ,29412
Pebble Creek Court   ,29414
Pebble Road   ,29407
Peecksen Court   ,29403
Peeks Pike   ,29407
Peele Place   ,29401
Pembrooke Drive   ,29407
Pendleton Street   ,29403
Peninsula Drive   ,29412
Penn Avenue   ,29407
Pennsylvania Avenue   ,29406
Penwood Place   ,29412
Peonie Street   ,29403
Pepper Street   ,29406
Pepperwood Court   ,29414
Percy Street   ,29403
Peregrine Court   ,29406
Peregrine Drive   ,29412
Perimeter Road   ,29406
Perrine Street   ,29414
Perry Street   ,29403
Petersfield Place Drive   ,29412
Petite Lane   ,29407
Pheasant Lane   ,29406
Philadelphia Alley   ,29401
Picard Way   ,29412
Piccadilly Circle   ,29412
Piccadilly Drive   ,29412
Pickens Avenue   ,29406
Pickering Lane   ,29414
Picket Street   ,29412
Pickop Miles Court   ,29406
Pickwick Street   ,29407
Piedmont Avenue   ,29406
Piedmont Avenue   ,29403
Pierpont Avenue   ,29414
Pilgrim Avenue   ,29406
Pinckney Park Drive   ,29407
Pinckney Street   ,29401
Pine Court   ,29406
Pine Mist Lane   ,29414
Pine Street   ,29406
Pine Terrace Court   ,29414
Pinecrest Road   ,29407
Pinehurst Avenue   ,29414
Pineview Road   ,29407
Pinnacle Lane   ,29412
Pintail Drive   ,29414
Pinto Exd   ,29406
Piper Drive   ,29407
Pitt Street   ,29403
Pitt Street   ,29401
Pittsford Circle   ,29412
Plainfield Drive   ,29407
Plainview Road   ,29414
Plantation Court Drive   ,29406
Planters Drive   ,29414
Planters Trace Drive   ,29412
Playground Road   ,29407
Pleasant Cove Court   ,29412
Pleasant Garden Drive   ,29414
Pleasant Grove Lane   ,29407
Plumbridge Court   ,29414
Plymouth Avenue   ,29412
Poets Corner   ,29412
Poinsett Street   ,29403
Poinsetta Road   ,29407
Poinsettia Road   ,29407
Point of Light Lane   ,29412
Polony Place   ,29414
Ponce de Leon Avenue   ,29407
Ponce de Leon Court   ,29407
Ponderosa Drive   ,29414
Pony Lane   ,29407
Pooshee Drive   ,29407
Poplar Ridge Road   ,29406
Poplar Street   ,29403
Port Circle   ,29412
Portabella Lane   ,29412
Porters Court   ,29403
Portside Way   ,29407
Portsmouth Circle   ,29407
Poston Road   ,29407
Poulnot Lane   ,29401
Powell Road   ,29406
Pratt Street   ,29407
Preakness Stakes   ,29414
Prentiss Street   ,29412
Prescott Street   ,29412
President Place   ,29403
President Street   ,29403
Preston Road   ,29412
Prestwick Court   ,29406
Prevatt Court   ,29414
Prices Alley   ,29401
Priestly Street   ,29412
Prince Alan Court   ,29414
Prince John Drive   ,29407
Prince Street   ,29406
Princess Street   ,29401
Prioleau Street   ,29401
Pristine View Road   ,29414
Pritchard Street   ,29401
Pryor Street   ,29406
Ptarmigan Street   ,29412
Pullman Street   ,29406
Puritan Lane   ,29406
Purity Drive   ,29406
Purple Martin Lane   ,29406
Purvis Street   ,29406
Putnam Drive   ,29412
Putney Court   ,29412
Quail Drive   ,29412
Quail Hollow Court   ,29414
Quaker Drive   ,29406
Queen Julieanne Court   ,29414
Queen Street   ,29401
Queenscastle Court   ,29414
Quick Rabbit Loop   ,29414
Rab Drive   ,29406
Race Street   ,29403
Radar Avenue   ,29406
Radcliffe Place   ,29403
Radcliffe Place Drive   ,29414
Radcliffe Street   ,29403
Rafeal Lane   ,29412
Rafer Alley   ,29401
Ragos Lane   ,29412
Rahn Road   ,29407
Railroad Avenue   ,29406
Rainbow Road   ,29412
Rainsong Drive   ,29412
Rampart Pt   ,29412
Ramsey Drive   ,29412
Ramsgate Road   ,29406
Raoul Wallenberg Boulevard   ,29407
Raptor Boulevard   ,29406
Ravenel Drive   ,29407
Ravenna Avenue   ,29406
Ravenswood Drive   ,29412
Raymond Avenue   ,29406
Raymond Way   ,29407
Razorback Lane   ,29414
Read Street   ,29406
Realm Street   ,29406
Rebecca Street   ,29406
Rebellion Road   ,29407
Recess Road   ,29406
Red Gate Road   ,29412
Red Oak Drive   ,29406
Reddick Street   ,29412
Redeemer Road   ,29406
Refuge Run   ,29412
Regatta Road   ,29412
Regency Court   ,29406
Regina Street   ,29412
Regis Court   ,29407
Register Road   ,29403
Reid Street   ,29403
Relyea Avenue   ,29412
Rembert Drive   ,29406
Rembert Road   ,29412
Remount Road   ,29406
Renneau Avenue   ,29406
Renwood Drive   ,29412
Revere Road   ,29412
Reverend Paris Williams Drive   ,29412
Rhett Butler Drive   ,29414
Rhonda Jerome Court   ,29406
Rice Court   ,29407
Rice Drive   ,29407
Rice Drive Exd   ,29407
Rice Hollow Court   ,29407
Rice Pond Road   ,29414
Rich Goss Lane   ,29412
Richardson Avenue   ,29403
Richardson Drive   ,29406
Richmond Street   ,29407
Rickett Avenue   ,29406
Ridgewood Avenue   ,29414
Riker Street   ,29403
Riley Road   ,29412
Rio Street   ,29406
Ripley Drive   ,29412
Ripley Point Drive   ,29407
Ripplemoor Lane   ,29414
Riser Drive   ,29412
Risher Street   ,29407
Ritter Drive   ,29412
River Breeze Drive   ,29407
River Front Drive   ,29407
River Haven Circle   ,29412
River Park Court   ,29414
River Park Way   ,29414
River Reach Way   ,29407
River Road   ,29406
Riverbend Drive   ,29412
Rivercrest Drive   ,29412
Riverdale Drive   ,29407
Riverfront Drive   ,29407
Riverland Drive   ,29412
Riverland Woods Place   ,29412
Rivermont Place   ,29414
Rivers Avenue   ,29406
Rivers Point Row   ,29412
Riverside Drive   ,29403
Riverview Drive   ,29406
Roanoke Drive   ,29406
Robert E Lee Boulevard   ,29412
Roberts Road   ,29412
Robertson Boulevard   ,29406
Robin Rooke Way   ,29412
Robinhood Drive   ,29406
Robinson Street   ,29406
Rochelle Avenue   ,29407
Rockingham Street   ,29406
Rockville Court   ,29414
Rodgers Alley   ,29403
Rolling Fork Road   ,29406
Rollins Court   ,29406
Roma Road   ,29406
Romney Court   ,29403
Romney Street   ,29403
Ronald Lane   ,29412
Ronda Drive   ,29406
Rondo Street   ,29414
Rondo Street Exd   ,29414
Rookery Lane   ,29414
Ropemakers Lane   ,29401
Roper Road   ,29412
Rose Lane   ,29403
Rose Marie Lane   ,29414
Rose Park Drive   ,29412
Rosebush Lane   ,29412
Rosedale Drive   ,29407
Rosehaven Street   ,29414
Rosemont Street   ,29403
Roslyn Drive   ,29414
Rotherwood Drive   ,29407
Round Tree Lane   ,29414
Roundtable Court   ,29414
Roustabout Way   ,29414
Royal Castle Lane   ,29414
Royal Palm Boulevard   ,29407
Rue Drive   ,29414
Rugby Lane   ,29407
Runnymeade Lane   ,29406
Russelldale Avenue   ,29406
Ruth Drive   ,29406
Ruth Landolina Lane   ,29406
Rutherford Way   ,29414
Rutledge Avenue   ,29401
Rutledge Avenue   ,29403
Rutledge Boulevard   ,29401
Ryton Drive   ,29414
S Adgers Wharf   ,29401
S Ainsdale Drive   ,29414
S Allan Park   ,29403
S Anderson Avenue   ,29412
S Antler Drive   ,29406
S Aviation Avenue   ,29406
S Aviation Road   ,29406
S Basilica Avenue   ,29406
S Battery   ,29401
S Boland Circle   ,29406
S Channel Court   ,29412
S Confederate Circle   ,29407
S Dallerton Circle   ,29414
S Edgewater Drive   ,29407
S Elgin Court   ,29414
S England Street   ,29414
S Enston Avenue   ,29403
S Gevert Drive   ,29412
S Grimball Road   ,29412
S Hampden Court   ,29403
S Hampton Drive   ,29407
S Held Circle   ,29412
S Kenwood Drive   ,29406
S Lakeland Drive   ,29406
S Landers Lane   ,29414
S Lenevar Drive   ,29407
S Market Street   ,29401
S Mayflower Drive   ,29412
S Nichole Place   ,29414
S Nicole Place   ,29414
S Oakridge Circle   ,29406
S Palmer Drive   ,29414
S Park Circle   ,29407
S Pinebark Lane   ,29407
S Relyea Avenue   ,29412
S Sherwood Drive   ,29407
S Shore Drive   ,29407
S Tracy Street   ,29403
S Trinity Drive   ,29407
S Waccamaw Court   ,29406
S Westchester Drive   ,29414
Sabal Street   ,29406
Sabin Street   ,29401
Sabina Court   ,29406
Sabrina Circle   ,29412
Sage Bird Vw   ,29412
Sage Way   ,29414
Saint Andrews Boulevard   ,29407
Saint Augustine Drive   ,29407
Saint Charles Court   ,29407
Saint Clair Drive   ,29407
Saint David Lane   ,29414
Saint Dennis Drive   ,29407
Saint Helenas Pt   ,29407
Saint James Drive   ,29412
Saint Julian Drive   ,29407
Saint Lukes Drive   ,29412
Saint Margaret Street   ,29403
Saint Michaels Alley   ,29401
Saint Peters Lane   ,29414
Saint Philip Street   ,29401
Saint Philip Street   ,29403
Saint Teresa Drive   ,29407
Saintsbury Cove Drive   ,29414
Sal Lane   ,29406
Salamander Creek Lane   ,29406
Salamander Road   ,29406
Salem Road   ,29412
Salisbury Street   ,29407
Sallie Street   ,29412
Sallys Alley   ,29407
Salt Marsh Cove   ,29412
Salvo Street   ,29406
Sam Rittenberg Boulevard   ,29407
Samson Road   ,29412
Samuel Road   ,29412
San Jose Lane   ,29406
San Juan Avenue   ,29407
San Miguel Road   ,29407
San Souci Street   ,29403
Sand Art Road   ,29414
Sand Harbor Lane   ,29412
Sandcroft Drive   ,29407
Sanders Road   ,29414
Sandlewood Court   ,29414
Sandyver Court   ,29407
Sane Circle   ,29412
Sanford Drive   ,29414
Sanford Road   ,29407
Santee Street   ,29412
Sarah Street   ,29407
Sardis Court   ,29406
Sasanqua Lane   ,29407
Savage Road   ,29407
Savage Road   ,29414
Savage Street   ,29401
Savannah Highway   ,29407
Savannah Highway   ,29403
Savannah Highway   ,29414
Saville Row   ,29414
Sawgrass Road   ,29412
Saxon Avenue   ,29406
Saxony Drive   ,29412
Sayle Road   ,29407
Schaffer Street   ,29412
Scholar Lane   ,29406
Schooner Road   ,29412
Sconesill Lane   ,29414
Scott Hill Road   ,29412
Scott Island Court   ,29401
Scudder Road   ,29412
Sea Aire Drive   ,29412
Sea Bass Cv   ,29412
Sea Cotton Circle   ,29412
Sea Cove Court   ,29412
Sea Eagle Watch   ,29412
Sea Robin Court   ,29412
Sea Watch Lane   ,29406
Sea Water Drive   ,29412
Seabird Court   ,29414
Seabrook Avenue   ,29412
Seacroft Road   ,29412
Seafarer Way   ,29412
Seaside Lane   ,29412
Seaside Plantation Drive   ,29412
Seaward Drive   ,29412
Seawind Drive   ,29407
Secessionville Road   ,29412
Sedge Court   ,29412
Sedgefield Drive   ,29406
See Port Drive   ,29406
Seebecks Court   ,29403
Seignious Drive   ,29407
Selah Street   ,29406
Selkirk Drive   ,29414
Sellers Road   ,29406
Seloris Court   ,29407
Semaht Street   ,29412
Senate Street   ,29403
Sequoia Street   ,29407
Seroy Street   ,29412
Seton Place   ,29407
Sexton Drive   ,29412
Shadow Arbor Circle   ,29414
Shadow Ferry Drive   ,29414
Shadow Lane   ,29406
Shadow Oak Drive   ,29406
Shadowcreek Court   ,29406
Shadowmoss Pkwy   ,29414
Shady Lane   ,29407
Shaftesbury Lane   ,29401
Shamrock Lane   ,29412
Shand Street   ,29403
Shandon Street   ,29412
Sharon Avenue   ,29407
Shawn Drive   ,29414
Sheffield Street   ,29407
Shelby Ray Court   ,29414
Sheldon Road   ,29407
Shell Court   ,29403
Shell Sand Circle   ,29412
Shell Sand Road   ,29412
Shelley Road   ,29407
Shelton Street   ,29406
Shem Butler Court   ,29414
Sheppard Street   ,29403
Sheridan Road   ,29407
Shiloh Lane   ,29414
Shiraz Lane   ,29414
Shoreham Road   ,29412
Shorepark Court   ,29407
Short Street   ,29401
Short Street   ,29412
Shortwood Street   ,29412
Shrewsbury Road   ,29407
Shrimp Road   ,29412
Shrimp Street   ,29412
Shuttle Court   ,29407
Signal Point Road   ,29412
Sigsbee Road   ,29412
Silver Leaf Circle   ,29412
Simms Street   ,29407
Simons Street   ,29403
Simonton Mews   ,29403
Simpkins Street   ,29412
Sinclair Drive   ,29406
Sir Scott Place   ,29414
Sires Street   ,29403
Siri Court   ,29407
Skiff Street   ,29412
Skinner Avenue   ,29407
Skyeman Drive   ,29414
Skylark Drive   ,29407
Sledge Street   ,29406
Sloan Drive   ,29412
Sloop Street   ,29412
Smalls Alley   ,29403
Smith Place   ,29401
Smith Street   ,29401
Smith Street   ,29403
Smithfield Place   ,29406
Soaring Lane   ,29412
Society Street   ,29401
Sol Legare Road   ,29412
Soling Court   ,29414
Solomon Court   ,29414
Somerset Circle   ,29407
Song Bird Court   ,29406
Sorento Court   ,29406
Sorrell Avenue   ,29406
Sorrento Boulevard   ,29406
Sothel Avenue   ,29407
South Street   ,29403
Southern Street   ,29406
Southgate Drive   ,29407
Southport Drive   ,29407
Spanish Moss Court   ,29412
Sparrow Street   ,29412
Spaulding Drive   ,29406
Spearfish Circle   ,29412
Spencer Street   ,29407
Spinnaker Lane   ,29407
Spivey Court   ,29406
Spoleto Lane   ,29406
Spoleto Lane E   ,29406
Sprague Street   ,29412
Spring Branch Court   ,29406
Spring Court   ,29406
Spring Garden Street   ,29414
Spring Street   ,29403
Spring Tide Court   ,29414
Spring Valley Boulevard   ,29406
Springhill Road   ,29406
Springmire Court   ,29414
Springwater Court   ,29412
Spruce Boulevard   ,29406
St Ives Road   ,29406
St Julian Drive   ,29407
St Philip Street   ,29403
Stadium Drive   ,29406
Stafford Road   ,29406
Staffordshire Drive   ,29407
Stalin Smalls Drive   ,29412
Stall Road   ,29406
Stallion Court   ,29407
Stamford Court   ,29406
Standish Street   ,29412
Stanyarne Drive   ,29414
Star Drive   ,29406
Starboard Road   ,29412
Starling Road   ,29406
Starwood Court   ,29412
State Highway 171   ,29407
State Highway 171   ,29412
State Highway 61   ,29407
State Highway 61   ,29414
State Highway 7   ,29407
State Highway 703   ,29406
State Highway S-10-1225   ,29406
State Road S-10-1116   ,29406
State Road S-10-1218   ,29406
State Road S-10-13   ,29406
State Road S-10-1439   ,29406
State Road S-10-1623   ,29406
State Road S-10-1624   ,29406
State Road S-10-1654   ,29414
State Road S-10-1657   ,29406
State Road S-10-1895   ,29406
State Road S-10-195   ,29406
State Road S-10-1979   ,29406
State Road S-10-2031   ,29407
State Road S-10-2032   ,29414
State Road S-10-2170   ,29406
State Road S-10-405   ,29406
State Road S-10-432   ,29412
State Road S-10-541   ,29406
State Road S-10-542   ,29406
State Road S-10-543   ,29406
State Road S-10-544   ,29406
State Road S-10-57   ,29414
State Road S-10-58   ,29406
State Road S-10-60   ,29406
State Road S-10-65   ,29406
State Road S-10-696   ,29406
State Road S-10-75   ,29406
State Street   ,29401
Stebbins Court   ,29412
Stebbins Street   ,29412
Steele Magnolia Avenue   ,29414
Stefan Drive   ,29412
Stefan Street   ,29412
Sterling Drive   ,29412
Stevenson Drive   ,29414
Steward Street   ,29406
Stiles Bee Avenue   ,29412
Stiles Drive   ,29412
Still Shadow Drive   ,29414
Stillwater Drive   ,29412
Stillwater Place   ,29412
Stingray Boulevard   ,29406
Stinson Drive   ,29407
Stith Avenue   ,29403
Stockbridge Drive   ,29414
Stocker Drive   ,29407
Stokes Avenue   ,29406
Stolls Alley   ,29401
Stone Crab Court   ,29412
Stone Post Road   ,29412
Stoneboro Street   ,29412
Stonecreek Drive   ,29414
Stonefield Avenue   ,29412
Stonehedge Road   ,29407
Stonehenge Drive   ,29406
Stonewood Drive   ,29412
Stoney Street   ,29407
Stono Drive   ,29412
Stono Edge Drive   ,29412
Stono River Drive   ,29412
Storen Street   ,29406
Storie Street   ,29406
Straight Street   ,29407
Stratford Drive   ,29406
Stratford Road   ,29407
Strawberry Lane   ,29403
Stroble Lane   ,29403
Stuart Street   ,29403
Studebaker Court   ,29414
Stutz Court   ,29414
Sue Street   ,29406
Sugar Magnolia Way   ,29414
Sugarbush Way   ,29414
Sulgrave Road   ,29414
Sullivan Street   ,29407
Sumar Street   ,29407
Summer Leaves Court   ,29414
Summer Rain Court   ,29414
Summerfield Court   ,29414
Sumner Avenue   ,29406
Sumter Street   ,29403
Sunbeam Way   ,29414
Sunburst Court   ,29406
Sunfish Circle   ,29412
Sunnyside Avenue   ,29403
Sunnyvale Avenue   ,29414
Sunset Drive   ,29407
Sunstone Court   ,29412
Surfside Court   ,29412
Susan Brown Lane   ,29412
Susan Drive   ,29407
Sussex Road   ,29407
Sutherland Avenue   ,29403
Sutherland Court   ,29403
Sutton Street   ,29412
Swallow Drive   ,29414
Swamp Angel Court   ,29412
Swamp Fox Lane   ,29412
Swan Avenue   ,29414
Swanson Avenue   ,29412
Sweet Bay Road   ,29412
Sweetgrass Creek Road   ,29412
Sweetgum Street   ,29414
Swift Avenue   ,29407
Swinton Street   ,29412
Swordfish Circle   ,29412
Sycamore Avenue   ,29407
Sycamore Shade Street   ,29414
Sylvan Shores Drive   ,29414
Sylvia Street   ,29406
Symmes Drive   ,29407
Taberwood Circle   ,29407
Tacony Road   ,29414
Tahoe Street   ,29407
Taliaferro Avenue   ,29412
Tall Fern Court   ,29406
Tall Oak Avenue   ,29407
Tall Sail Drive   ,29414
Tallwood Road   ,29412
Talon Court   ,29403
Tamarack Street   ,29407
Tampa Street   ,29406
Tanglewood Avenue   ,29407
Tara Road   ,29407
Targave Road   ,29412
Target Street   ,29406
Tarleton Drive   ,29407
Tartan Court   ,29414
Tatum Street   ,29412
Taylor Street   ,29406
Taylorcraft Drive   ,29407
Tayside Court   ,29414
Teaberry Path   ,29414
Teague Street   ,29407
Teakwood Road   ,29414
Teal Avenue   ,29412
Teal Marsh Road   ,29412
Technical Pkwy   ,29406
Ted Avenue   ,29406
Telfair Way   ,29412
Tennent Street   ,29412
Terns Nest Court   ,29412
Terns Nest Road   ,29412
Terrabrook Lane   ,29412
Terrace Drive   ,29406
Terrell Street   ,29414
Thaxton Street   ,29414
Thelen Street   ,29406
Theresa Drive   ,29412
Thomas Glenn Court   ,29412
Thomas Street   ,29403
Thompson Street   ,29406
Thoreau Street   ,29406
Thrasher Thicket Road   ,29412
Three Oaks Avenue   ,29407
Three Pence Lane   ,29414
Three Trees Road   ,29412
Tibbett Court   ,29414
Tidal Basin Court   ,29412
Tidal Creek Cove   ,29412
Tidal Creek Cv   ,29412
Tidal View Lane   ,29412
Tidway Circle   ,29407
Tiffany Drive   ,29414
Tiger Shark Avenue   ,29406
Till Road   ,29414
Tiller Road   ,29412
Timber Street   ,29406
Timberleaf Court   ,29407
Timmerman Drive   ,29407
Timothy Street   ,29407
Tiny Lane   ,29407
Tipson Street   ,29406
Tobias Gadson Boulevard   ,29407
Todd Street   ,29403
Tomedjan Circle   ,29414
Tomoka Drive   ,29407
Tomotley Court   ,29407
Torgerson Avenue   ,29406
Torino Court   ,29406
Toura Court   ,29414
Toura Lane   ,29414
Tovey Road   ,29407
Tower Battery Road   ,29412
Town Creek Drive   ,29407
Town Park Lane   ,29412
Towngate Place   ,29414
Townsend Road   ,29406
Trachelle Lane   ,29407
Tradd Street   ,29401
Trafalgar Street   ,29412
Trail Hollow Court   ,29414
Trail Hollow Drive   ,29414
Trailee Drive   ,29407
Trailmore Drive   ,29407
Tram Court   ,29403
Tramway Drive   ,29414
Tranquil Drive   ,29407
Transom Court   ,29407
Trapier Drive   ,29412
Trapman Street   ,29401
Travers Court   ,29412
Travers Drive   ,29412
Treasury Bend Drive   ,29412
Treebark Drive   ,29414
Treescape Drive   ,29414
Treetop Court   ,29414
Trenholm Drive   ,29412
Trent Street   ,29414
Trey Court   ,29406
Tribeca Court   ,29414
Tribeca Drive   ,29414
Tricom Street   ,29406
Trident Street   ,29406
Trillium Path   ,29414
Tripe Street   ,29407
Tripoli Court   ,29406
Tropicana Road   ,29406
Truluck Drive   ,29414
Trumbo Street   ,29401
Tucker Drive   ,29407
Tucker Drive   ,29414
Tudor Place   ,29407
Tulane Drive   ,29406
Tully Alley   ,29403
Turkey Pen Road   ,29412
Turner Street   ,29406
Tuscany Drive   ,29406
Twain Court   ,29412
Twelve Oaks Drive   ,29414
Twin Oaks Drive   ,29414
Twisted Antler Drive   ,29406
Twitty Street   ,29406
Two Loch Place   ,29414
Two Oaks Drive   ,29414
Tyler Street   ,29406
Tynes Avenue   ,29412
Tynte Street   ,29407
Tyron Circle   ,29414
Unity Alley   ,29401
University Boulevard   ,29406
Up on the Hill Road   ,29412
US Highway 17   ,29403
US Highway 17   ,29407
US Highway 17   ,29414
US Highway 52   ,29403
US Highway 52   ,29406
US Highway 78   ,29403
US Highway 78   ,29406
Vale Road   ,29407
Valley Court   ,29406
Valley Drive   ,29406
Valley Forge Drive   ,29412
Valley Road   ,29412
Van Buren Avenue   ,29406
Vanderbilt Drive   ,29414
Vanderhorst Street   ,29403
Vanderhorst Wharf   ,29401
Vassar Drive   ,29407
Vaucluse Road   ,29414
Vector Avenue   ,29406
Vega Court   ,29406
Vendue Range Street   ,29401
Venice Avenue   ,29406
Veritas Street   ,29414
Vespers Drive   ,29414
Vestry Drive   ,29414
Victory Lane   ,29406
Vienna Woods Road   ,29406
Village Castle Place   ,29414
Village Road   ,29407
Vine Street   ,29407
Virginia Avenue   ,29406
Virginia Oak Court   ,29414
Vista Court   ,29406
Vista Perch Lane   ,29412
Vistavia Road   ,29406
W Avalon Circle   ,29407
W Battery Lane   ,29407
W Boland Circle   ,29406
W Capers Road   ,29412
W Confederate Circle   ,29407
W Darwin Street   ,29412
W Deacon Street   ,29406
W Glow Drive   ,29407
W Harrison Road   ,29407
W Huron Avenue   ,29412
W Lakeland Drive   ,29406
W Lakeside Drive   ,29406
W Madison Avenue   ,29412
W Oak Forest Drive   ,29407
W Oak Grove Road   ,29406
W Oceanview Road   ,29412
W Palmer Drive   ,29414
W Pinto Court   ,29406
W Poplar Street   ,29403
W Recess Road   ,29406
W Relyea Avenue   ,29412
W Robinhood Drive   ,29407
W Sandcroft Drive   ,29407
W Sherwood Drive   ,29407
W Westchester Drive   ,29414
W Wildcat Boulevard   ,29414
W Wimbledon Drive   ,29412
Wabeek Way   ,29414
Waccamaw Court   ,29406
Wade Hampton Drive   ,29412
Wading Heron Road   ,29412
Wadsbury Lane   ,29414
Wagener Avenue   ,29403
Wainwright Road   ,29406
Waites Street   ,29412
Waldman Drive   ,29406
Walkers Landing Road   ,29412
Wall Street   ,29401
Wallace Drive   ,29412
Wallace Lane   ,29407
Wallace School Road   ,29407
Wallerton Avenue   ,29407
Wallingford Court   ,29414
Walnut Creek Road   ,29414
Walnut Street   ,29403
Walsingham Way   ,29412
Waltham Road   ,29406
Wambaw Avenue   ,29412
Wampler Drive   ,29412
Wantoot Boulevard   ,29407
Wappoo Creek Drive   ,29412
Wappoo Creek Place   ,29412
Wappoo Drive   ,29407
Wappoo Drive   ,29412
Wappoo Hall Road   ,29412
Wappoo Landing Circle   ,29412
Wappoo Road   ,29407
Ward Avenue   ,29406
Wardlaw Court   ,29414
Waring Hall Lane   ,29414
Waring Street   ,29406
Warren Street   ,29403
Wasbee Lane   ,29414
Wasbee Range   ,29401
Washington Street   ,29401
Washington Street   ,29403
Water Street   ,29401
Water Turkey Retreat   ,29412
Waterbrook Drive   ,29414
Waterbury Court   ,29412
Wateree Drive   ,29407
Waterfront Plantation Drive   ,29412
Waterloo Court   ,29412
Waterloo Street   ,29412
Watermelon Run   ,29412
Waters Edge Court   ,29414
Waterstone Lane   ,29414
Waterville Place   ,29414
Watson Lane   ,29412
Waxwing Way   ,29406
Waxwood Lane   ,29412
Wayah Drive   ,29414
Wayfarer Lane   ,29412
Wayne Scott Court   ,29414
Weatherstone Road   ,29414
Weaver Street   ,29403
Wedgefield Road   ,29407
Wedgepark Road   ,29407
Wedgewood Drive   ,29406
Wedgewood Street   ,29407
Weeping Willow Way   ,29414
Weepoolow Trail   ,29407
Weims Court   ,29401
Weir Street   ,29412
Welch Avenue   ,29412
Wellington Court   ,29412
Wellington Drive   ,29412
Wendy Lane   ,29407
Wensley Drive   ,29414
Wentworth Street   ,29401
Wescott Court   ,29403
Wescott Street   ,29403
Wesley Drive   ,29407
Wespanee Drive   ,29407
Wespanee Place Court   ,29407
Wesson Avenue   ,29403
West Street   ,29401
Westchase Drive   ,29407
Westerly Lane   ,29414
Westfield Road   ,29407
Westhaven Drive   ,29406
Westminster Road   ,29407
Westmoreland Avenue   ,29412
Weston Avenue   ,29407
Westover Drive   ,29407
Westridge Circle   ,29412
Westrivers Road   ,29412
Westside Drive   ,29412
Westway Drive   ,29412
Westwood Drive   ,29412
Wexford Road   ,29414
Wexford Sound Drive   ,29412
Wharfside Street   ,29401
Whavfride Street   ,29401
Wheaton Street   ,29406
Wheeler Drive   ,29406
Whispering Cypress Drive   ,29414
Whispering Marsh Drive   ,29412
Whistler Lane   ,29406
Whitby Lane   ,29414
Whitcomb Drive   ,29406
White Birch Lane   ,29414
White Drive   ,29407
White Heron Place   ,29414
White House Boulevard   ,29412
White Ibis Court   ,29406
White Marlin Drive   ,29412
White Oak Drive   ,29407
White Oleander Court   ,29414
White Point Boulevard   ,29412
White Point Circle   ,29412
White Point Court   ,29412
Whitechapel Circle   ,29412
Whitmarsh Drive   ,29407
Wicklowe Drive   ,29414
Wicks Avenue   ,29412
Wide Water Court   ,29412
Wideman Drive   ,29406
Wigeon Lane   ,29412
Wild Flower Lane   ,29414
Wild Rich Way   ,29412
Wild Wing Lane   ,29412
Wilder Road   ,29412
Wildwood Road   ,29412
Wilkinson Way   ,29406
Willard Drive   ,29406
William Ackerman Lane   ,29407
William Kennerty Drive   ,29407
Williams Road   ,29412
Williamsburg Lane   ,29414
Williman Street   ,29403
Willingham Court   ,29412
Willis Drive   ,29406
Willow Bend Drive   ,29414
Willow Lake Road   ,29412
Wilshire Drive   ,29407
Wilson Avenue   ,29403
Wilson Street   ,29401
Wilton Street   ,29412
Wimbee Drive   ,29407
Wimbledon Court   ,29412
Winborn Drive   ,29412
Winchester Drive   ,29407
Windermere Boulevard   ,29407
Winding Tree Lane   ,29414
Windmill Creek Road   ,29414
Windrush Court   ,29412
Windsor Drive   ,29407
Windward Court   ,29412
Windward Road   ,29412
Winners Circle   ,29414
Winslow Drive   ,29412
Winston Street   ,29407
Wisteria Road   ,29407
Witsell Street   ,29406
Witter Street   ,29412
Wofford Road   ,29414
Wolk Drive   ,29414
Wood Avenue   ,29414
Wood Ride Court   ,29414
Woodall Court   ,29403
Woodbine Avenue   ,29406
Woodcliff Street   ,29414
Woodcreek Court   ,29406
Woodcrest Avenue   ,29407
Woodhaven Drive   ,29407
Woodhill Terrace   ,29412
Woodland Road   ,29414
Woodland Shores Road   ,29412
Woodleaf Court   ,29407
Woodpecker Lane   ,29406
Woodrow Place   ,29403
Woodside Drive   ,29406
Woodside Drive   ,29412
Woodstock Avenue   ,29406
Woodview Lane   ,29412
Woodward Road   ,29407
Woolfe Street   ,29403
Wragg Square   ,29403
Wraggborough Lane   ,29403
Wren Drive   ,29406
Wren Street   ,29406
Wright Street   ,29406
Wyecreek Avenue   ,29412
Wylie Drive   ,29406
Wyndham Road   ,29412
Xavier Street   ,29414
Yadkin Circle   ,29406
Yale Drive   ,29412
Yates Avenue   ,29412
Yeadon Avenue   ,29407
Yeamans Road   ,29407
Yearling Drive   ,29406
Yew Street   ,29407
Yorkshire Lane   ,29406
Yorktown Drive   ,29412
Zig Zag Alley   ,29401
